id_leggo,id_ext,casa,id_leggo_prop_principal,id_ext_prop_principal,id_ext_prop_principal_raiz,uri_prop_principal_raiz,interesse
01184253305de4647b14f658a6301615,2242670,camara,NA,2237940,2237940,https://www.camara.leg.br/proposicoesWeb/fichadetramitacao?idProposicao=2237940,transparencia-e-integridade
011f004c7ba358143713b67c0a88235c,2268948,camara,NA,2267042,2254814,https://www.camara.leg.br/proposicoesWeb/fichadetramitacao?idProposicao=2254814,pandemia
014ae6c0a72e4bf86e077d8bc7226c34,2277170,camara,NA,2248023,2248023,https://www.camara.leg.br/proposicoesWeb/fichadetramitacao?idProposicao=2248023,pandemia
01ba8d31d5ea4a3e0eb642761b6e9d80,2208657,camara,NA,2190484,341067,https://www.camara.leg.br/proposicoesWeb/fichadetramitacao?idProposicao=341067,socioambiental
01e75d90ecce6e1487ae40890f94d43b,2190549,camara,NA,16853,19008,https://www.camara.leg.br/proposicoesWeb/fichadetramitacao?idProposicao=19008,transparencia-e-integridade
02e93380e62a7f22a31325eb7c2f6412,2264536,camara,NA,994619,2170712,https://www.camara.leg.br/proposicoesWeb/fichadetramitacao?idProposicao=2170712,socioambiental
032e8af87fd6d298e0a12f1857a9ce4e,2263265,camara,NA,2259836,2259836,https://www.camara.leg.br/proposicoesWeb/fichadetramitacao?idProposicao=2259836,pandemia
03e997b90894385f11a430f4ff3cf553,2238203,camara,NA,2215040,2170712,https://www.camara.leg.br/proposicoesWeb/fichadetramitacao?idProposicao=2170712,socioambiental
0499307899321790b1a9f3ca31d87f6f,2254467,camara,NA,2052441,16969,https://www.camara.leg.br/proposicoesWeb/fichadetramitacao?idProposicao=16969,socioambiental
0588659fe1b06f8e5b31071a494a9483,2248052,camara,NA,388149,388149,https://www.camara.leg.br/proposicoesWeb/fichadetramitacao?idProposicao=388149,reforma-tributaria
059924f5fc627e0cd5f16bf509fe8e10,2275777,camara,NA,2242021,2242021,https://www.camara.leg.br/proposicoesWeb/fichadetramitacao?idProposicao=2242021,pandemia
05dd8c01dde0f51c568b946944575ec1,2236972,camara,NA,2057504,522137,https://www.camara.leg.br/proposicoesWeb/fichadetramitacao?idProposicao=522137,socioambiental
0667b9159d477df301f925683ebd0906,2273167,camara,NA,2269421,2269421,https://www.camara.leg.br/proposicoesWeb/fichadetramitacao?idProposicao=2269421,pandemia
072d0a5f5d656086740b218e290d584e,2266883,camara,NA,341067,341067,https://www.camara.leg.br/proposicoesWeb/fichadetramitacao?idProposicao=341067,socioambiental
07f38d21b27552ed2b69015560dcc8fb,2206973,camara,NA,491123,491123,https://www.camara.leg.br/proposicoesWeb/fichadetramitacao?idProposicao=491123,socioambiental
09a643d56fc96f219b0f67ddc6337380,2224136,camara,NA,474875,2189670,https://www.camara.leg.br/proposicoesWeb/fichadetramitacao?idProposicao=2189670,socioambiental
0a18bffbb7a241f3518f3b71f9981296,2192580,camara,NA,2053421,2053378,https://www.camara.leg.br/proposicoesWeb/fichadetramitacao?idProposicao=2053378,socioambiental
0a344af0c04a677cb5e21b32091378cc,2217254,camara,NA,2075018,593788,https://www.camara.leg.br/proposicoesWeb/fichadetramitacao?idProposicao=593788,socioambiental
0acf73ac83f36fcd100c8a35550f6b4a,2259779,camara,NA,2259740,2259740,https://www.camara.leg.br/proposicoesWeb/fichadetramitacao?idProposicao=2259740,pandemia
0b4279158672c5f8f3adf9068e0da409,2262117,camara,NA,1150818,1150818,https://www.camara.leg.br/proposicoesWeb/fichadetramitacao?idProposicao=1150818,transparencia-e-integridade
0b6020e74e7b4bead70cef60b266982e,2076774,camara,NA,597281,597281,https://www.camara.leg.br/proposicoesWeb/fichadetramitacao?idProposicao=597281,reforma-tributaria
0b9304b8bfa0cb27098412c98aabf2bf,2254225,camara,NA,2250863,2239398,https://www.camara.leg.br/proposicoesWeb/fichadetramitacao?idProposicao=2239398,pandemia
0c3de04d415da3460a7f7a74a6530023,2193330,camara,NA,341067,341067,https://www.camara.leg.br/proposicoesWeb/fichadetramitacao?idProposicao=341067,socioambiental
0c4377fa699c5cfbdac24eb0c073547b,618593,camara,NA,498672,491061,https://www.camara.leg.br/proposicoesWeb/fichadetramitacao?idProposicao=491061,reforma-tributaria
0c52c4905e2466c6515c129bfd98d6c9,2259769,camara,NA,2193143,2189251,https://www.camara.leg.br/proposicoesWeb/fichadetramitacao?idProposicao=2189251,socioambiental
0c9aa15cfc14477a98c8c3a12e3859b3,2196469,camara,NA,2194792,548494,https://www.camara.leg.br/proposicoesWeb/fichadetramitacao?idProposicao=548494,socioambiental
0cc81dabcbbf37faf95ca5e694edc3bb,597866,camara,NA,2243139,2243139,https://www.camara.leg.br/proposicoesWeb/fichadetramitacao?idProposicao=2243139,reforma-tributaria
0d23a3958800d0cd1f14dd2705e53dc4,2263244,camara,NA,2174469,2148739,https://www.camara.leg.br/proposicoesWeb/fichadetramitacao?idProposicao=2148739,transparencia-e-integridade
0da5442954fdb33db5d136c638ce08ad,2204534,camara,NA,20601,20601,https://www.camara.leg.br/proposicoesWeb/fichadetramitacao?idProposicao=20601,socioambiental
0e44c1f66bb56752973625e921f23b0f,2238422,camara,NA,2053101,522137,https://www.camara.leg.br/proposicoesWeb/fichadetramitacao?idProposicao=522137,socioambiental
0ef52301dff6fd1f0b56810cb0014cf8,2265831,camara,NA,2265095,2058492,https://www.camara.leg.br/proposicoesWeb/fichadetramitacao?idProposicao=2058492,pandemia
1011e0432cef9f0700303d53ac97a4e5,618592,camara,NA,597779,597779,https://www.camara.leg.br/proposicoesWeb/fichadetramitacao?idProposicao=597779,reforma-tributaria
108e21d58875bbb9fd2e216ea1aec257,2190493,camara,NA,2076101,341067,https://www.camara.leg.br/proposicoesWeb/fichadetramitacao?idProposicao=341067,socioambiental
10d06f84d047361e358e6168ee194f01,2251091,camara,NA,2239365,2239365,https://www.camara.leg.br/proposicoesWeb/fichadetramitacao?idProposicao=2239365,pandemia
116e2886f3f56b43b8abd00897dbfeca,2252069,camara,NA,388149,388149,https://www.camara.leg.br/proposicoesWeb/fichadetramitacao?idProposicao=388149,reforma-tributaria
11d9a94f13ace5c2635bf29f9c146abb,2190484,camara,NA,517816,341067,https://www.camara.leg.br/proposicoesWeb/fichadetramitacao?idProposicao=341067,socioambiental
1214bd0ced0f9729de62edb1ca3ee64e,2267093,camara,NA,2242865,2242865,https://www.camara.leg.br/proposicoesWeb/fichadetramitacao?idProposicao=2242865,pandemia
121f1eda8439e6dd5fd02b2eca2bca42,2239357,camara,NA,2079778,2079778,https://www.camara.leg.br/proposicoesWeb/fichadetramitacao?idProposicao=2079778,socioambiental
125c0b52963c458b7d2ddccae2714a80,2265095,camara,NA,2058492,2058492,https://www.camara.leg.br/proposicoesWeb/fichadetramitacao?idProposicao=2058492,transparencia-e-integridade
1270f03c716a4570a402b2a5fd58c9ed,2208912,camara,NA,2115165,2082478,https://www.camara.leg.br/proposicoesWeb/fichadetramitacao?idProposicao=2082478,socioambiental
12ee35e239ee51e489642a156bf7f577,2242873,camara,NA,2242677,2242677,https://www.camara.leg.br/proposicoesWeb/fichadetramitacao?idProposicao=2242677,transparencia-e-integridade
1349d1a0e984f04ee5f1fde342ae5bd8,2241922,camara,NA,2241808,2239398,https://www.camara.leg.br/proposicoesWeb/fichadetramitacao?idProposicao=2239398,pandemia
135b40a7efabb84cbbe9065091aa6bc9,2241880,camara,NA,26160,332450,https://www.camara.leg.br/proposicoesWeb/fichadetramitacao?idProposicao=332450,pandemia
13c0e90f602f1afbc1973f44a4138f40,2276014,camara,NA,2242227,2239655,https://www.camara.leg.br/proposicoesWeb/fichadetramitacao?idProposicao=2239655,pandemia
14aa1dba79aa352ea8662c3855eeb30e,2219523,camara,NA,341067,341067,https://www.camara.leg.br/proposicoesWeb/fichadetramitacao?idProposicao=341067,socioambiental
14ce89d9d7b5a3e4d64552ff9eb541d6,2221268,camara,NA,2191050,2082478,https://www.camara.leg.br/proposicoesWeb/fichadetramitacao?idProposicao=2082478,socioambiental
1500badc155ea18ae6494b247a96c52f,135332,senado,NA,133890,133890,https://www25.senado.leg.br/web/atividade/materias/-/materia/133890,socioambiental
15088e4249a188562f86e8234adc4fa3,2247076,camara,NA,2242360,2242360,https://www.camara.leg.br/proposicoesWeb/fichadetramitacao?idProposicao=2242360,pandemia
1565d7369e5d38491f98c3d87b577235,2242562,camara,NA,2242036,2242036,https://www.camara.leg.br/proposicoesWeb/fichadetramitacao?idProposicao=2242036,pandemia
15d24140c1f525a9e9ee28a2c1778da3,142337,senado,NA,145886,145886,https://www25.senado.leg.br/web/atividade/materias/-/materia/145886,pandemia
15f44267395200215e9599cd490f8ba5,2253718,camara,NA,2242669,2242036,https://www.camara.leg.br/proposicoesWeb/fichadetramitacao?idProposicao=2242036,pandemia
164b0381e3276f2292996830e1a05cc5,2266183,camara,NA,2192347,2190285,https://www.camara.leg.br/proposicoesWeb/fichadetramitacao?idProposicao=2190285,socioambiental
1716fdf59ce6d94534bc34126325c60c,2230152,camara,NA,2175977,2175977,https://www.camara.leg.br/proposicoesWeb/fichadetramitacao?idProposicao=2175977,socioambiental
183d85e64acdafd0699abb7333633006,2242200,camara,NA,2242186,2239367,https://www.camara.leg.br/proposicoesWeb/fichadetramitacao?idProposicao=2239367,pandemia
1a4519fdced60c15e8f094cc641dbf56,2255635,camara,NA,2250863,2239398,https://www.camara.leg.br/proposicoesWeb/fichadetramitacao?idProposicao=2239398,pandemia
1a50b880677ebb9fd50b414ec6cd18df,2248253,camara,NA,2248049,2248049,https://www.camara.leg.br/proposicoesWeb/fichadetramitacao?idProposicao=2248049,pandemia
1ab02e83a22f3dd9adcf2c2990e54580,2192507,camara,NA,620617,564570,https://www.camara.leg.br/proposicoesWeb/fichadetramitacao?idProposicao=564570,licenciamento-ambiental
1af6e2ed55ca8d11d72977bbfab3adc6,2193143,camara,NA,2189251,2189251,https://www.camara.leg.br/proposicoesWeb/fichadetramitacao?idProposicao=2189251,socioambiental
1b67774eb0f3207270bd416f90a42966,2209304,camara,NA,2055555,2055555,https://www.camara.leg.br/proposicoesWeb/fichadetramitacao?idProposicao=2055555,licenciamento-ambiental
1bd6406ffe5445ee9ff14c1ef0875949,2255967,camara,NA,18963,2198858,https://www.camara.leg.br/proposicoesWeb/fichadetramitacao?idProposicao=2198858,pandemia
1dacd0c374dc91d9afd922837f4266da,2203204,camara,NA,2182926,2182926,https://www.camara.leg.br/proposicoesWeb/fichadetramitacao?idProposicao=2182926,reforma-administrativa
1e8edcd904dc70cc4b24db6fadfa8a13,2204216,camara,NA,1585020,1585020,https://www.camara.leg.br/proposicoesWeb/fichadetramitacao?idProposicao=1585020,socioambiental
1f5e7b52bac2fa7003f41690a934471d,2256730,camara,NA,2256202,2256202,https://www.camara.leg.br/proposicoesWeb/fichadetramitacao?idProposicao=2256202,pandemia
20f31cba6514bca54e79e351c48d8814,2193825,camara,NA,341067,341067,https://www.camara.leg.br/proposicoesWeb/fichadetramitacao?idProposicao=341067,socioambiental
210b1c3c0995485229f6104711343544,2199637,camara,NA,2079155,2079778,https://www.camara.leg.br/proposicoesWeb/fichadetramitacao?idProposicao=2079778,socioambiental
213f202ea4fae21a7f0dac6fdc7b0e8c,2193976,camara,NA,2113144,2113144,https://www.camara.leg.br/proposicoesWeb/fichadetramitacao?idProposicao=2113144,transparencia-e-integridade
228f716cb9faad3ed1e15cf7aea272f1,2252791,camara,NA,2239461,2239461,https://www.camara.leg.br/proposicoesWeb/fichadetramitacao?idProposicao=2239461,pandemia
231f36c8f312f4a6e4f23fd1530b803a,2204437,camara,NA,2182645,2182645,https://www.camara.leg.br/proposicoesWeb/fichadetramitacao?idProposicao=2182645,socioambiental
233a50b61f0d54668f98dccaf632c495,2273533,camara,NA,2238597,2117379,https://www.camara.leg.br/proposicoesWeb/fichadetramitacao?idProposicao=2117379,pandemia
2402e12c728a208afaa32fe9abe2e24a,2201537,camara,NA,2192260,531004,https://www.camara.leg.br/proposicoesWeb/fichadetramitacao?idProposicao=531004,leggo
24405767db3342d52d98fe327b82000d,2229289,camara,NA,2215741,2083544,https://www.camara.leg.br/proposicoesWeb/fichadetramitacao?idProposicao=2083544,socioambiental
2466458ef071de3a0bba5d196e21b115,2253954,camara,NA,2250863,2239398,https://www.camara.leg.br/proposicoesWeb/fichadetramitacao?idProposicao=2239398,pandemia
246db962cab659558af083d258c7f173,2258627,camara,NA,2254831,2254831,https://www.camara.leg.br/proposicoesWeb/fichadetramitacao?idProposicao=2254831,pandemia
24a66cde0a2d54f51002aa3193272114,2122661,camara,NA,2122658,2122658,https://www.camara.leg.br/proposicoesWeb/fichadetramitacao?idProposicao=2122658,reforma-tributaria
24f1cd8ee6b6fcdc6d7b3f90b0226f0f,2238259,camara,NA,604927,341067,https://www.camara.leg.br/proposicoesWeb/fichadetramitacao?idProposicao=341067,socioambiental
255f149273b50669041c592a46d046d9,2190561,camara,NA,2189995,2189995,https://www.camara.leg.br/proposicoesWeb/fichadetramitacao?idProposicao=2189995,transparencia-e-integridade
258884e98450489b945d5f0543a46d5a,2254314,camara,NA,2250863,2239398,https://www.camara.leg.br/proposicoesWeb/fichadetramitacao?idProposicao=2239398,pandemia
26b174b0f7dbcc69aed3fd7bbba2a3a2,2190843,camara,NA,2057504,522137,https://www.camara.leg.br/proposicoesWeb/fichadetramitacao?idProposicao=522137,socioambiental
27abca38445ce68e409791fd0c87194f,2264650,camara,NA,2259769,2189251,https://www.camara.leg.br/proposicoesWeb/fichadetramitacao?idProposicao=2189251,socioambiental
27ac8eb085e92967932ea75a5bc2406b,2192314,camara,NA,621228,341067,https://www.camara.leg.br/proposicoesWeb/fichadetramitacao?idProposicao=341067,socioambiental
29a899b123e34e80a803bc818ed6496d,2256425,camara,NA,2255966,2242236,https://www.camara.leg.br/proposicoesWeb/fichadetramitacao?idProposicao=2242236,pandemia
2aec0678da3f89ddabce8872e17e24fc,2190537,camara,NA,2188206,2188206,https://www.camara.leg.br/proposicoesWeb/fichadetramitacao?idProposicao=2188206,transparencia-e-integridade
2b70489ed4a51debacff4f740ed18bb2,2265514,camara,NA,383539,15460,https://www.camara.leg.br/proposicoesWeb/fichadetramitacao?idProposicao=15460,pandemia
2c851acf06bf91c37d50e86a45d52f2c,2237801,camara,NA,431844,21300,https://www.camara.leg.br/proposicoesWeb/fichadetramitacao?idProposicao=21300,transparencia-e-integridade
2cc588e05caacb5530f9317d7823ae14,2214324,camara,NA,2112099,2170712,https://www.camara.leg.br/proposicoesWeb/fichadetramitacao?idProposicao=2170712,socioambiental
2ce8b533b4cd81c4bd54350885b724c0,2263380,camara,NA,2218523,2218523,https://www.camara.leg.br/proposicoesWeb/fichadetramitacao?idProposicao=2218523,pandemia
2ced955e3cf25e79bf3706ccdfdf092d,2258844,camara,NA,2075835,949156,https://www.camara.leg.br/proposicoesWeb/fichadetramitacao?idProposicao=949156,socioambiental
2e151a23e0aa2a0fb0e2201e9a5cf7f2,2244014,camara,NA,2170712,2170712,https://www.camara.leg.br/proposicoesWeb/fichadetramitacao?idProposicao=2170712,socioambiental
2f05c3fa4dd360beb88bc85e7e606bb7,2242387,camara,NA,2239366,2239366,https://www.camara.leg.br/proposicoesWeb/fichadetramitacao?idProposicao=2239366,pandemia
2f3aa8f67911ad0fab569278bfe45b20,2261936,camara,NA,1594916,1594916,https://www.camara.leg.br/proposicoesWeb/fichadetramitacao?idProposicao=1594916,transparencia-e-integridade
2f4900063390c580e22253222f86f86e,2190497,camara,NA,1302391,341067,https://www.camara.leg.br/proposicoesWeb/fichadetramitacao?idProposicao=341067,socioambiental
302981c29758b9c310d57207794c7809,2270790,camara,NA,2252085,2246801,https://www.camara.leg.br/proposicoesWeb/fichadetramitacao?idProposicao=2246801,pandemia
304233f518241a3566b71042603a2bc1,2191854,camara,NA,474875,2189670,https://www.camara.leg.br/proposicoesWeb/fichadetramitacao?idProposicao=2189670,socioambiental
30447cc077b6c6b08c3dad2a33d59365,2217912,camara,NA,460563,460563,https://www.camara.leg.br/proposicoesWeb/fichadetramitacao?idProposicao=460563,socioambiental
30498c029cea3c727ed4966ca5d93070,2242161,camara,NA,2242047,2242047,https://www.camara.leg.br/proposicoesWeb/fichadetramitacao?idProposicao=2242047,transparencia-e-integridade
30768a90f1a4b4468d8f8caf38f22ce4,2268713,camara,NA,2208348,2196796,https://www.camara.leg.br/proposicoesWeb/fichadetramitacao?idProposicao=2196796,pandemia
3085fed0a0f0c0de1321f111971b806c,2265060,camara,NA,491042,491042,https://www.camara.leg.br/proposicoesWeb/fichadetramitacao?idProposicao=491042,transparencia-e-integridade
30978ba81119245460a88f25b4814239,2247019,camara,NA,16969,16969,https://www.camara.leg.br/proposicoesWeb/fichadetramitacao?idProposicao=16969,licenciamento-ambiental
30accf7c41f935c0b538c7c2d4535e27,2191450,camara,NA,2189251,2189251,https://www.camara.leg.br/proposicoesWeb/fichadetramitacao?idProposicao=2189251,socioambiental
312372c3366034494ebd2fcdf60668fc,2264730,camara,NA,1279664,20529,https://www.camara.leg.br/proposicoesWeb/fichadetramitacao?idProposicao=20529,pandemia
31ff798553e6f55cc2216d6c650fdd98,2191476,camara,NA,474875,2189670,https://www.camara.leg.br/proposicoesWeb/fichadetramitacao?idProposicao=2189670,socioambiental
331119e2acbd685778f718ac65c41840,2261132,camara,NA,2260474,556576,https://www.camara.leg.br/proposicoesWeb/fichadetramitacao?idProposicao=556576,transparencia-e-integridade
33478a58892965ba1332080821d15037,2242528,camara,NA,2055350,2055350,https://www.camara.leg.br/proposicoesWeb/fichadetramitacao?idProposicao=2055350,transparencia-e-integridade
3395b0a9ddb9503bf9d0588295860bd2,2190533,camara,NA,1700692,1700692,https://www.camara.leg.br/proposicoesWeb/fichadetramitacao?idProposicao=1700692,transparencia-e-integridade
34707939f9106f76c90cdbab53d7361e,2251403,camara,NA,2239623,2239623,https://www.camara.leg.br/proposicoesWeb/fichadetramitacao?idProposicao=2239623,pandemia
347381c5556fd4759ee832bd9bfc283a,2251871,camara,NA,2244219,2244219,https://www.camara.leg.br/proposicoesWeb/fichadetramitacao?idProposicao=2244219,pandemia
3491abb5948fdc2c933f33ce3122dbd0,2253068,camara,NA,2253050,2253050,https://www.camara.leg.br/proposicoesWeb/fichadetramitacao?idProposicao=2253050,pandemia
3494eacae48a44829c180e8a703f407a,2239499,camara,NA,2239488,2238861,https://www.camara.leg.br/proposicoesWeb/fichadetramitacao?idProposicao=2238861,pandemia
352f834ffe622cbeac0d64b30e4ab96b,2227182,camara,NA,2199638,2170712,https://www.camara.leg.br/proposicoesWeb/fichadetramitacao?idProposicao=2170712,socioambiental
3562ced5d136a5326572b94d8b074463,135216,senado,NA,106404,106404,https://www25.senado.leg.br/web/atividade/materias/-/materia/106404,leggo
3588c85a0519610a896a4e79dc83d9f6,2269926,camara,NA,2267042,2254814,https://www.camara.leg.br/proposicoesWeb/fichadetramitacao?idProposicao=2254814,pandemia
37a643d1eff6cf00098edc2fb2920f44,2192964,camara,NA,564644,564570,https://www.camara.leg.br/proposicoesWeb/fichadetramitacao?idProposicao=564570,socioambiental
38a1df5ba7100fc3347db729e67a93f2,2208267,camara,NA,2163549,585019,https://www.camara.leg.br/proposicoesWeb/fichadetramitacao?idProposicao=585019,socioambiental
3903d90ce73794affd8e0188ca1459ef,2253941,camara,NA,2250749,2239623,https://www.camara.leg.br/proposicoesWeb/fichadetramitacao?idProposicao=2239623,pandemia
390f9e9f7d790079fdbeb685a4f04ec5,2229098,camara,NA,520508,520508,https://www.camara.leg.br/proposicoesWeb/fichadetramitacao?idProposicao=520508,socioambiental
3965df4685a24669895504287c4e64e4,2255191,camara,NA,2082470,104916,https://www.camara.leg.br/proposicoesWeb/fichadetramitacao?idProposicao=104916,leggo
398dce00799f72409105bc3ff6eb2bf2,2247957,camara,NA,2242360,2242360,https://www.camara.leg.br/proposicoesWeb/fichadetramitacao?idProposicao=2242360,pandemia
3afd70db4f00f1c0b3b06f45d2f34a43,2218288,camara,NA,2175977,2175977,https://www.camara.leg.br/proposicoesWeb/fichadetramitacao?idProposicao=2175977,licenciamento-ambiental
3bfaafe955bd8b932c3dd78156a32102,2241680,camara,NA,2212149,2212149,https://www.camara.leg.br/proposicoesWeb/fichadetramitacao?idProposicao=2212149,socioambiental
3c8a8c444f6a9ce680037eb20fce39fd,1734423,camara,NA,1214920,1214920,https://www.camara.leg.br/proposicoesWeb/fichadetramitacao?idProposicao=1214920,licenciamento-ambiental
3ca60584a32db898fd4af717b96a180c,2234382,camara,NA,606843,606843,https://www.camara.leg.br/proposicoesWeb/fichadetramitacao?idProposicao=606843,socioambiental
3cf07c47ecd6515d3cdca0f231f1499b,2244927,camara,NA,2242148,2242148,https://www.camara.leg.br/proposicoesWeb/fichadetramitacao?idProposicao=2242148,pandemia
3cf938620667a8727a512495ac499cac,2262928,camara,NA,2190743,2190743,https://www.camara.leg.br/proposicoesWeb/fichadetramitacao?idProposicao=2190743,socioambiental
3e3e5767b105d15ee2dd5c834bab697c,2195866,camara,NA,341067,341067,https://www.camara.leg.br/proposicoesWeb/fichadetramitacao?idProposicao=341067,socioambiental
3ed5f2c76f7bef67d93d3da8313d5b5d,2190492,camara,NA,2074938,341067,https://www.camara.leg.br/proposicoesWeb/fichadetramitacao?idProposicao=341067,socioambiental
3f1a998ddf79019fc2b62a57e8b065cb,570495,camara,NA,569302,569302,https://www.camara.leg.br/proposicoesWeb/fichadetramitacao?idProposicao=569302,reforma-tributaria
3fb061ac6dc4b864e998ba26a7457b6a,2242501,camara,NA,2241697,2241697,https://www.camara.leg.br/proposicoesWeb/fichadetramitacao?idProposicao=2241697,pandemia
402b9d637b097901df4bf708bf848f44,2274116,camara,NA,2251377,2239370,https://www.camara.leg.br/proposicoesWeb/fichadetramitacao?idProposicao=2239370,pandemia
40bfbdaba6f32a08c244f882e54b64cd,2197426,camara,NA,2192893,515927,https://www.camara.leg.br/proposicoesWeb/fichadetramitacao?idProposicao=515927,socioambiental
40d8241b19c3753841212d99dfc0e916,2268643,camara,NA,2254814,2254814,https://www.camara.leg.br/proposicoesWeb/fichadetramitacao?idProposicao=2254814,pandemia
42d73f347cd44b1255dc387372c0c59e,2267019,camara,NA,2254182,2218523,https://www.camara.leg.br/proposicoesWeb/fichadetramitacao?idProposicao=2218523,pandemia
434f77fd413d28c5c711f6d07a2cda8d,2196952,camara,NA,2169396,2170712,https://www.camara.leg.br/proposicoesWeb/fichadetramitacao?idProposicao=2170712,socioambiental
435e5e4ab7c11dc05b7938b89c4c2880,2190547,camara,NA,344542,344542,https://www.camara.leg.br/proposicoesWeb/fichadetramitacao?idProposicao=344542,transparencia-e-integridade
43e03267dd6b99605c0052daf5582843,2252846,camara,NA,2250370,2250370,https://www.camara.leg.br/proposicoesWeb/fichadetramitacao?idProposicao=2250370,pandemia
44e86d21ea623b627cd744f6cb8aede4,2191833,camara,NA,2074938,341067,https://www.camara.leg.br/proposicoesWeb/fichadetramitacao?idProposicao=341067,socioambiental
45ecb8b9755639d474a550b5fbc27b6f,2222610,camara,NA,1243915,545304,https://www.camara.leg.br/proposicoesWeb/fichadetramitacao?idProposicao=545304,socioambiental
461f84504dbf6376759ca5b65de173e6,2255393,camara,NA,2136405,548494,https://www.camara.leg.br/proposicoesWeb/fichadetramitacao?idProposicao=548494,socioambiental
4630ad7e508be17c296afeefdf1c02f6,2220695,camara,NA,2169379,2169379,https://www.camara.leg.br/proposicoesWeb/fichadetramitacao?idProposicao=2169379,socioambiental
4657b6602a7c3b999c17042816850702,2265998,camara,NA,2053337,1692937,https://www.camara.leg.br/proposicoesWeb/fichadetramitacao?idProposicao=1692937,socioambiental
4839b5a3f686ddf44656bbd496066403,2195611,camara,NA,2169396,2170712,https://www.camara.leg.br/proposicoesWeb/fichadetramitacao?idProposicao=2170712,socioambiental
48443044e60e740a9463a28e301d2f6d,2190558,camara,NA,490263,490263,https://www.camara.leg.br/proposicoesWeb/fichadetramitacao?idProposicao=490263,transparencia-e-integridade
4a5b77be40ce0f1b0c89ba2947e10dcf,2247329,camara,NA,2242464,2242464,https://www.camara.leg.br/proposicoesWeb/fichadetramitacao?idProposicao=2242464,pandemia
4b6ba8f3a0541a23fe4dc76737845e60,2191876,camara,NA,2053378,2053378,https://www.camara.leg.br/proposicoesWeb/fichadetramitacao?idProposicao=2053378,licenciamento-ambiental
4bbcdef7ae27fe8a1dde58998e256313,2254843,camara,NA,2254043,2170785,https://www.camara.leg.br/proposicoesWeb/fichadetramitacao?idProposicao=2170785,leggo
4c7eceb9456aedffea2aa11e891ab28a,2252049,camara,NA,2242274,2242274,https://www.camara.leg.br/proposicoesWeb/fichadetramitacao?idProposicao=2242274,pandemia
4c869825ce37056bd8f0b8c725b1f115,2198335,camara,NA,1526989,2189670,https://www.camara.leg.br/proposicoesWeb/fichadetramitacao?idProposicao=2189670,socioambiental
4cb37fd8efe361ae0ce02cc17995070f,2192529,camara,NA,530960,20954,https://www.camara.leg.br/proposicoesWeb/fichadetramitacao?idProposicao=20954,socioambiental
4cc66080e963a37bb23aa01e71184513,2268663,camara,NA,2267872,2267871,https://www.camara.leg.br/proposicoesWeb/fichadetramitacao?idProposicao=2267871,pandemia
4d87343c2bed0a962ab365cadf9c3f9c,2192352,camara,NA,2163252,2093053,https://www.camara.leg.br/proposicoesWeb/fichadetramitacao?idProposicao=2093053,leggo
4df2df54dcf9c62abd3d35ed25039971,2192099,camara,NA,2092153,2053378,https://www.camara.leg.br/proposicoesWeb/fichadetramitacao?idProposicao=2053378,socioambiental
4df60a902752ace1c73979ac53ff865c,2196674,camara,NA,494401,494401,https://www.camara.leg.br/proposicoesWeb/fichadetramitacao?idProposicao=494401,socioambiental
4e300ec917e03be7f9a8069f8dc840d4,2250666,camara,NA,2243026,2243026,https://www.camara.leg.br/proposicoesWeb/fichadetramitacao?idProposicao=2243026,pandemia
4e677929ccae66b35bd31bd5a86b22b4,2244212,camara,NA,388149,388149,https://www.camara.leg.br/proposicoesWeb/fichadetramitacao?idProposicao=388149,reforma-tributaria
4ec063c38f7072f5ebc9a1cf5bc650a7,2254457,camara,NA,2239455,2239452,https://www.camara.leg.br/proposicoesWeb/fichadetramitacao?idProposicao=2239452,leggo
4f821e13d95d3a13036657f97457923e,2245003,camara,NA,2242677,2242677,https://www.camara.leg.br/proposicoesWeb/fichadetramitacao?idProposicao=2242677,transparencia-e-integridade
4f8e0f0e5d94c70170380bdb6289e2d4,2236772,camara,NA,622088,2170712,https://www.camara.leg.br/proposicoesWeb/fichadetramitacao?idProposicao=2170712,socioambiental
4feeea677e8b9ec1e84d7420dde30c75,2242145,camara,NA,2242052,2241924,https://www.camara.leg.br/proposicoesWeb/fichadetramitacao?idProposicao=2241924,pandemia
506a8f38dd2d2a3346e140d71018e37e,2221943,camara,NA,411435,593788,https://www.camara.leg.br/proposicoesWeb/fichadetramitacao?idProposicao=593788,socioambiental
50814e8655ae505add5a0fff2684c232,2254701,camara,NA,2254557,2254557,https://www.camara.leg.br/proposicoesWeb/fichadetramitacao?idProposicao=2254557,transparencia-e-integridade
51dec4f5bbbfe2273387bf465137dfa1,2190531,camara,NA,2189997,2189997,https://www.camara.leg.br/proposicoesWeb/fichadetramitacao?idProposicao=2189997,transparencia-e-integridade
525ae202c0a429bb6f9c6394079c77a2,2191185,camara,NA,2075519,2192114,https://www.camara.leg.br/proposicoesWeb/fichadetramitacao?idProposicao=2192114,transparencia-e-integridade
5327cd6bb373fbd4e8196d06a7f06bb7,2205603,camara,NA,2123264,2123264,https://www.camara.leg.br/proposicoesWeb/fichadetramitacao?idProposicao=2123264,socioambiental
537f3ccbefd4bbcbdc598fa08d277ace,2251376,camara,NA,2244225,2244225,https://www.camara.leg.br/proposicoesWeb/fichadetramitacao?idProposicao=2244225,pandemia
5423bd8b1679b30a1b30e752d2e47602,2197694,camara,NA,611022,749470,https://www.camara.leg.br/proposicoesWeb/fichadetramitacao?idProposicao=749470,socioambiental
54478097e6cad51f3efb60e0e8f29ff5,2190696,camara,NA,2055555,2055555,https://www.camara.leg.br/proposicoesWeb/fichadetramitacao?idProposicao=2055555,licenciamento-ambiental
545c5db5f5cebfc03038db4b43319ebb,2224720,camara,NA,474875,2189670,https://www.camara.leg.br/proposicoesWeb/fichadetramitacao?idProposicao=2189670,socioambiental
55c8fbfdd0f5403a018aeda002af1624,2257014,camara,NA,2256109,2248275,https://www.camara.leg.br/proposicoesWeb/fichadetramitacao?idProposicao=2248275,pandemia
5656c4c4c116a391da0fc9e575eceb61,2266395,camara,NA,2242677,2242677,https://www.camara.leg.br/proposicoesWeb/fichadetramitacao?idProposicao=2242677,pandemia
582c54768cf6ec22e5f4a24b6cb56ab3,2258843,camara,NA,371045,2170712,https://www.camara.leg.br/proposicoesWeb/fichadetramitacao?idProposicao=2170712,socioambiental
59fd12c3290a9fa3ca8c92d26a498221,2249924,camara,NA,388149,388149,https://www.camara.leg.br/proposicoesWeb/fichadetramitacao?idProposicao=388149,reforma-tributaria
5a4f7bc09a4982e40bf4a16311452971,2269958,camara,NA,2243034,2241690,https://www.camara.leg.br/proposicoesWeb/fichadetramitacao?idProposicao=2241690,pandemia
5a54547a8b4bd22b67692927420c82ee,2269699,camara,NA,2268643,2254814,https://www.camara.leg.br/proposicoesWeb/fichadetramitacao?idProposicao=2254814,pandemia
5d3248ce09ed66bedff71579049c7207,2256857,camara,NA,2256304,2256304,https://www.camara.leg.br/proposicoesWeb/fichadetramitacao?idProposicao=2256304,pandemia
5d3a2322559958c920a00a702b55d6f3,2226165,camara,NA,2079292,949156,https://www.camara.leg.br/proposicoesWeb/fichadetramitacao?idProposicao=949156,socioambiental
5d80d09e75ddf85adc68e64e93ca764d,2265649,camara,NA,587551,341067,https://www.camara.leg.br/proposicoesWeb/fichadetramitacao?idProposicao=341067,socioambiental
5e9deec354a8fc9b8937933ba2113960,2190529,camara,NA,2188213,2192114,https://www.camara.leg.br/proposicoesWeb/fichadetramitacao?idProposicao=2192114,transparencia-e-integridade
5fcef66ce06a14a74cdcb0920a62ce82,2238366,camara,NA,434725,341067,https://www.camara.leg.br/proposicoesWeb/fichadetramitacao?idProposicao=341067,socioambiental
606229d33bb8e604994feb47405576bf,2265892,camara,NA,2136405,548494,https://www.camara.leg.br/proposicoesWeb/fichadetramitacao?idProposicao=548494,socioambiental
61c370d0b7ce19da9f6dd059d46de900,2242213,camara,NA,388149,388149,https://www.camara.leg.br/proposicoesWeb/fichadetramitacao?idProposicao=388149,reforma-tributaria
623a0e02bda0d95f4d57bd95179b9fe9,2252586,camara,NA,2218523,2218523,https://www.camara.leg.br/proposicoesWeb/fichadetramitacao?idProposicao=2218523,pandemia
632d688473ac14b1060a6725bd63c61e,2207121,camara,NA,474875,2189670,https://www.camara.leg.br/proposicoesWeb/fichadetramitacao?idProposicao=2189670,socioambiental
6387b78a7b416b264b811a974d11e1a5,2251916,camara,NA,523483,2198858,https://www.camara.leg.br/proposicoesWeb/fichadetramitacao?idProposicao=2198858,transparencia-e-integridade
63f12a17780b57b0ae0e4ffe5da9401a,2252659,camara,NA,1526989,2189670,https://www.camara.leg.br/proposicoesWeb/fichadetramitacao?idProposicao=2189670,socioambiental
64421e003fe2eb8ed2a2eafa95929a65,2236938,camara,NA,581696,490935,https://www.camara.leg.br/proposicoesWeb/fichadetramitacao?idProposicao=490935,licenciamento-ambiental
64720135d34a09fab7b9df7272509d17,2242564,camara,NA,2241740,2239370,https://www.camara.leg.br/proposicoesWeb/fichadetramitacao?idProposicao=2239370,pandemia
64ad18a1b17525400b6fa04275cf6a9f,2198592,camara,NA,2193642,515927,https://www.camara.leg.br/proposicoesWeb/fichadetramitacao?idProposicao=515927,socioambiental
6550b6d17d2769762d22109002312f46,2190512,camara,NA,1806128,1806128,https://www.camara.leg.br/proposicoesWeb/fichadetramitacao?idProposicao=1806128,transparencia-e-integridade
66901708ff1c13d67f3c8bbb5edcec1b,2190779,camara,NA,604927,341067,https://www.camara.leg.br/proposicoesWeb/fichadetramitacao?idProposicao=341067,socioambiental
66f746d8f0bcf88c6bc54c4559178fd3,2255134,camara,NA,2242857,2242857,https://www.camara.leg.br/proposicoesWeb/fichadetramitacao?idProposicao=2242857,leggo
6712bb6fa558cc1cf100dcf5c1288f6f,2196029,camara,NA,2172579,2172579,https://www.camara.leg.br/proposicoesWeb/fichadetramitacao?idProposicao=2172579,socioambiental
671d2ecc692047456ad33feddceadca3,2257612,camara,NA,493764,493764,https://www.camara.leg.br/proposicoesWeb/fichadetramitacao?idProposicao=493764,leggo
67522f2c688583a6592c9571b002444c,107537,camara,NA,20135,106609,https://www.camara.leg.br/proposicoesWeb/fichadetramitacao?idProposicao=106609,reforma-administrativa
677b6082a1618251bcd423f02feba0b1,2254958,camara,NA,2254557,2254557,https://www.camara.leg.br/proposicoesWeb/fichadetramitacao?idProposicao=2254557,transparencia-e-integridade
67d82c1cf3b1d7e9959991988919a3ad,2257636,camara,NA,2242234,2242234,https://www.camara.leg.br/proposicoesWeb/fichadetramitacao?idProposicao=2242234,pandemia
685187f3d8f18c1844737385f9aa9d98,2192427,camara,NA,512652,489572,https://www.camara.leg.br/proposicoesWeb/fichadetramitacao?idProposicao=489572,socioambiental
68aa474cfc5b055ceaba5469a9bb5ad7,2249340,camara,NA,2248289,2248289,https://www.camara.leg.br/proposicoesWeb/fichadetramitacao?idProposicao=2248289,pandemia
68b643ad5b73fc3ac14ea4544bae966b,2208658,camara,NA,2152663,2152663,https://www.camara.leg.br/proposicoesWeb/fichadetramitacao?idProposicao=2152663,socioambiental
6ae5af110b0c5d9dcae9d894635df34b,2242262,camara,NA,388149,388149,https://www.camara.leg.br/proposicoesWeb/fichadetramitacao?idProposicao=388149,reforma-tributaria
6bf74b7491c8e3a714bbf95ae92311c4,2260427,camara,NA,2258844,949156,https://www.camara.leg.br/proposicoesWeb/fichadetramitacao?idProposicao=949156,socioambiental
6c1604dde39894f49fe5eb204f4137a5,2269962,camara,NA,2252606,2244115,https://www.camara.leg.br/proposicoesWeb/fichadetramitacao?idProposicao=2244115,pandemia
6cc5712941a966b02388832f5fcfd261,2192260,camara,NA,531004,531004,https://www.camara.leg.br/proposicoesWeb/fichadetramitacao?idProposicao=531004,licenciamento-ambiental
6d988548dfe6ff8cee707a3df1b94faa,2252732,camara,NA,2250201,2247332,https://www.camara.leg.br/proposicoesWeb/fichadetramitacao?idProposicao=2247332,pandemia
6e371a43eaa4e185ed217ebcdf6708e9,2195536,camara,NA,457985,2170712,https://www.camara.leg.br/proposicoesWeb/fichadetramitacao?idProposicao=2170712,socioambiental
6eccc74ad868bc4a398bd2f7a74c2638,2267042,camara,NA,2254814,2254814,https://www.camara.leg.br/proposicoesWeb/fichadetramitacao?idProposicao=2254814,pandemia
6f50b24b5e92d03052259b06619caa55,2191050,camara,NA,2074454,2082478,https://www.camara.leg.br/proposicoesWeb/fichadetramitacao?idProposicao=2082478,socioambiental
6fa731db64f2947e57ad8d44c1a42cb4,2242573,camara,NA,2242526,2242116,https://www.camara.leg.br/proposicoesWeb/fichadetramitacao?idProposicao=2242116,transparencia-e-integridade
70003242a1436ec9f4acc206b5a31ce6,1554257,camara,NA,493660,2192114,https://www.camara.leg.br/proposicoesWeb/fichadetramitacao?idProposicao=2192114,licenciamento-ambiental
70025dc750047ecc0ade146cf36bdbb8,2254736,camara,NA,2148738,2148738,https://www.camara.leg.br/proposicoesWeb/fichadetramitacao?idProposicao=2148738,socioambiental
703de8b2b23934468c2a96b0fc6e4109,2242566,camara,NA,2241653,2239370,https://www.camara.leg.br/proposicoesWeb/fichadetramitacao?idProposicao=2239370,pandemia
70ee1907e769e62166026399b4c611a2,2265182,camara,NA,1212639,2170712,https://www.camara.leg.br/proposicoesWeb/fichadetramitacao?idProposicao=2170712,socioambiental
72a40114801a3059204502ed7fed71ad,2212148,camara,NA,2193642,515927,https://www.camara.leg.br/proposicoesWeb/fichadetramitacao?idProposicao=515927,socioambiental
7343c4603c124362e9e1426e565e92a9,2259731,camara,NA,2244916,2239407,https://www.camara.leg.br/proposicoesWeb/fichadetramitacao?idProposicao=2239407,pandemia
739ef5870e2e0e6efa2888e0839d503e,2253321,camara,NA,2250863,2239398,https://www.camara.leg.br/proposicoesWeb/fichadetramitacao?idProposicao=2239398,pandemia
73c9a5de2d178b6679acadf30527bd6e,2263693,camara,NA,46370,46370,https://www.camara.leg.br/proposicoesWeb/fichadetramitacao?idProposicao=46370,transparencia-e-integridade
7534ef94e501df436e786ab920afd6bc,2278713,camara,NA,2239494,2239494,https://www.camara.leg.br/proposicoesWeb/fichadetramitacao?idProposicao=2239494,pandemia
761bce903165d80eb3ba5feb51c879ce,2261200,camara,NA,157958,106701,https://www.camara.leg.br/proposicoesWeb/fichadetramitacao?idProposicao=106701,socioambiental
764cf0a37cde7f5637e432f5a3b3a8c7,2259357,camara,NA,448154,20954,https://www.camara.leg.br/proposicoesWeb/fichadetramitacao?idProposicao=20954,socioambiental
7683ec924d0bf9a54fca1640904e2b99,2253698,camara,NA,2250315,2250315,https://www.camara.leg.br/proposicoesWeb/fichadetramitacao?idProposicao=2250315,pandemia
76d0c84fe4636d28bbbc59112b75a5c7,2241819,camara,NA,2239432,475193,https://www.camara.leg.br/proposicoesWeb/fichadetramitacao?idProposicao=475193,pandemia
76e3be9ffef545e3e21ad37be1203452,2194274,camara,NA,2171544,522137,https://www.camara.leg.br/proposicoesWeb/fichadetramitacao?idProposicao=522137,socioambiental
7705006c68d8b906d7ea235a1db23210,2236649,camara,NA,2206294,1203637,https://www.camara.leg.br/proposicoesWeb/fichadetramitacao?idProposicao=1203637,socioambiental
770887c85936d1cdb5fc32e165c15819,2203668,camara,NA,2139357,2148738,https://www.camara.leg.br/proposicoesWeb/fichadetramitacao?idProposicao=2148738,socioambiental
77e3633a970e9bd4f286f09242fe000c,2213739,camara,NA,355774,490263,https://www.camara.leg.br/proposicoesWeb/fichadetramitacao?idProposicao=490263,socioambiental
7864deb0da7311a996f3c59d80551cd6,2054518,camara,NA,436269,2279964,https://www.camara.leg.br/proposicoesWeb/fichadetramitacao?idProposicao=2279964,reforma-tributaria
78be96c5099f29ebadea6de708f5d594,2250321,camara,NA,2246801,2246801,https://www.camara.leg.br/proposicoesWeb/fichadetramitacao?idProposicao=2246801,pandemia
79080cbe69b69361af3f19954e6684ca,2206303,camara,NA,2078280,2189670,https://www.camara.leg.br/proposicoesWeb/fichadetramitacao?idProposicao=2189670,socioambiental
793822c1ffaa368eb6422c04b83837a3,2251394,camara,NA,2250863,2239398,https://www.camara.leg.br/proposicoesWeb/fichadetramitacao?idProposicao=2239398,pandemia
79644bb5bcb99561bec2b59307e9b679,2259179,camara,NA,2239624,2239426,https://www.camara.leg.br/proposicoesWeb/fichadetramitacao?idProposicao=2239426,pandemia
79ab10ceeef22a4d992754921bbc4a7c,2190808,camara,NA,2126557,2189670,https://www.camara.leg.br/proposicoesWeb/fichadetramitacao?idProposicao=2189670,socioambiental
79b8fff542cc3596b3ef877de838dfcf,2261947,camara,NA,524085,332450,https://www.camara.leg.br/proposicoesWeb/fichadetramitacao?idProposicao=332450,pandemia
79dfb2b63e4cc55df5346b5036b31f3f,2277104,camara,NA,2273167,2269421,https://www.camara.leg.br/proposicoesWeb/fichadetramitacao?idProposicao=2269421,pandemia
7b170818bde0895d4e600bdc9e822feb,2192484,camara,NA,2074938,341067,https://www.camara.leg.br/proposicoesWeb/fichadetramitacao?idProposicao=341067,socioambiental
7be6cb221021c94edc2a488b2af30c90,2252038,camara,NA,2250200,2250200,https://www.camara.leg.br/proposicoesWeb/fichadetramitacao?idProposicao=2250200,pandemia
7c991cb08ec98ae8b87814256fffab8d,2265315,camara,NA,2211880,2189670,https://www.camara.leg.br/proposicoesWeb/fichadetramitacao?idProposicao=2189670,socioambiental
7dba2ce8f262d2eb7c65abb0aba7c890,2242526,camara,NA,2242116,2242116,https://www.camara.leg.br/proposicoesWeb/fichadetramitacao?idProposicao=2242116,transparencia-e-integridade
7dbb1642d4a9817bbdf9983c84421431,2270246,camara,NA,2267042,2254814,https://www.camara.leg.br/proposicoesWeb/fichadetramitacao?idProposicao=2254814,pandemia
7dd611559149bf063cbc15bf4dc68bfb,397742,camara,NA,388148,474199,https://www.camara.leg.br/proposicoesWeb/fichadetramitacao?idProposicao=474199,reforma-tributaria
7eae540ac6a8476360a2065af6495e11,2213976,camara,NA,2201526,490935,https://www.camara.leg.br/proposicoesWeb/fichadetramitacao?idProposicao=490935,licenciamento-ambiental
7f62fc7803206f56b902c0d0e382e793,2242646,camara,NA,2239371,2239122,https://www.camara.leg.br/proposicoesWeb/fichadetramitacao?idProposicao=2239122,transparencia-e-integridade
7fa8e2b3d0ea4bd87f611f6f703f9721,2243046,camara,NA,2242069,2239461,https://www.camara.leg.br/proposicoesWeb/fichadetramitacao?idProposicao=2239461,pandemia
7faff67790a41d60a9b1dcb5685c4c47,2262146,camara,NA,2193642,515927,https://www.camara.leg.br/proposicoesWeb/fichadetramitacao?idProposicao=515927,socioambiental
8034bb7404fc8bb9dadf9749fa098120,2235980,camara,NA,2198335,2189670,https://www.camara.leg.br/proposicoesWeb/fichadetramitacao?idProposicao=2189670,socioambiental
805a403bd1c0e98f8b114c57bf1708c1,2259216,camara,NA,2242262,388149,https://www.camara.leg.br/proposicoesWeb/fichadetramitacao?idProposicao=388149,reforma-tributaria
80e0b61f9aedc241f002c936ffe90eea,2191188,camara,NA,2166408,2166408,https://www.camara.leg.br/proposicoesWeb/fichadetramitacao?idProposicao=2166408,socioambiental
81878d777fdf5e9e2a69541636a16997,2258885,camara,NA,2226261,2226261,https://www.camara.leg.br/proposicoesWeb/fichadetramitacao?idProposicao=2226261,transparencia-e-integridade
81b01fcc8c2a6e441b0b8be59a68e9d4,2193808,camara,NA,1526989,2189670,https://www.camara.leg.br/proposicoesWeb/fichadetramitacao?idProposicao=2189670,socioambiental
826d1e67a973261160d4cc236118a436,2261196,camara,NA,2168775,2148739,https://www.camara.leg.br/proposicoesWeb/fichadetramitacao?idProposicao=2148739,transparencia-e-integridade
826e7680954ad619a81dfa11202d5778,2254229,camara,NA,2233134,2207075,https://www.camara.leg.br/proposicoesWeb/fichadetramitacao?idProposicao=2207075,transparencia-e-integridade
8317d9280daf2fcf4ecb0ad1e6730ed8,2250674,camara,NA,2248212,2248212,https://www.camara.leg.br/proposicoesWeb/fichadetramitacao?idProposicao=2248212,pandemia
846925f5116e8bd9975daebdcff06d6a,2269778,camara,NA,2268643,2254814,https://www.camara.leg.br/proposicoesWeb/fichadetramitacao?idProposicao=2254814,pandemia
8522a5e851667c8e3089e5dbc6d3f304,2194110,camara,NA,411435,593788,https://www.camara.leg.br/proposicoesWeb/fichadetramitacao?idProposicao=593788,socioambiental
85ea9bc02d018a5bc3d4bda5080b8de5,2254922,camara,NA,2190883,945542,https://www.camara.leg.br/proposicoesWeb/fichadetramitacao?idProposicao=945542,pandemia
85eb950028dc4f7c760964f79bfe2b26,2250797,camara,NA,2282842,2282842,https://www.camara.leg.br/proposicoesWeb/fichadetramitacao?idProposicao=2282842,leggo
861d90c4318cc5beecc4d703c39ea515,124048,camara,NA,107198,137083,https://www.camara.leg.br/proposicoesWeb/fichadetramitacao?idProposicao=137083,reforma-administrativa
86933f23f771341687a0466ff6310c84,2261324,camara,NA,2250863,2239398,https://www.camara.leg.br/proposicoesWeb/fichadetramitacao?idProposicao=2239398,pandemia
86d86b3b94f53f9192d7ab8bcdf47b53,2242384,camara,NA,2190730,2190730,https://www.camara.leg.br/proposicoesWeb/fichadetramitacao?idProposicao=2190730,pandemia
8776c5172b6682efc67c41fed741306e,2214933,camara,NA,16969,16969,https://www.camara.leg.br/proposicoesWeb/fichadetramitacao?idProposicao=16969,licenciamento-ambiental
877e922a47e9296c7d1f0a32d6f02a71,2198326,camara,NA,341067,341067,https://www.camara.leg.br/proposicoesWeb/fichadetramitacao?idProposicao=341067,socioambiental
8812555e388e39ff9c2c617980ee5dd2,2260661,camara,NA,2088399,949156,https://www.camara.leg.br/proposicoesWeb/fichadetramitacao?idProposicao=949156,socioambiental
896ce5346d1a30a63f245297cd7552cf,2242567,camara,NA,2241862,132521,https://www.camara.leg.br/proposicoesWeb/fichadetramitacao?idProposicao=132521,pandemia
8bc02191232e7a9e5f238d6b17c7ee11,2268696,camara,NA,2267042,2254814,https://www.camara.leg.br/proposicoesWeb/fichadetramitacao?idProposicao=2254814,pandemia
8c4b320f66f126a80e68b31900874f2e,2193604,camara,NA,592370,545304,https://www.camara.leg.br/proposicoesWeb/fichadetramitacao?idProposicao=545304,socioambiental
8c7300dfa1c7703bb2926560d81b3d74,2190513,camara,NA,946166,349519,https://www.camara.leg.br/proposicoesWeb/fichadetramitacao?idProposicao=349519,transparencia-e-integridade
8cbc82699463cc1ac629c03a02636d03,2193642,camara,NA,515927,515927,https://www.camara.leg.br/proposicoesWeb/fichadetramitacao?idProposicao=515927,socioambiental
8d54ffda7c2ed473ab55c439a0999ed1,2205107,camara,NA,371045,2170712,https://www.camara.leg.br/proposicoesWeb/fichadetramitacao?idProposicao=2170712,socioambiental
8d5bde9685558fe7ae3b9036b693248b,2238395,camara,NA,2204328,2170712,https://www.camara.leg.br/proposicoesWeb/fichadetramitacao?idProposicao=2170712,socioambiental
8efed77eab146608e9f8fafa2208371d,2192606,camara,NA,474875,2189670,https://www.camara.leg.br/proposicoesWeb/fichadetramitacao?idProposicao=2189670,socioambiental
8f92c2aaa4ff279f93f0a719a22f20b6,1049385,camara,NA,1049207,2192114,https://www.camara.leg.br/proposicoesWeb/fichadetramitacao?idProposicao=2192114,licenciamento-ambiental
904b608821bdc8dbf6c9d24bc3f7cc3c,2252770,camara,NA,2250315,2250315,https://www.camara.leg.br/proposicoesWeb/fichadetramitacao?idProposicao=2250315,transparencia-e-integridade
907a2147bfc6bc6e143f4d53b252b17c,2265155,camara,NA,2238141,2238141,https://www.camara.leg.br/proposicoesWeb/fichadetramitacao?idProposicao=2238141,transparencia-e-integridade
911f612dec07ac9876ae983e1a1218bc,512622,camara,NA,491625,491625,https://www.camara.leg.br/proposicoesWeb/fichadetramitacao?idProposicao=491625,licenciamento-ambiental
92083303e730a97627b63ede63ecc91b,2270159,camara,NA,2268648,2254814,https://www.camara.leg.br/proposicoesWeb/fichadetramitacao?idProposicao=2254814,pandemia
921b3e28836c508613fe3d521fab0e5f,2270137,camara,NA,2268643,2254814,https://www.camara.leg.br/proposicoesWeb/fichadetramitacao?idProposicao=2254814,pandemia
92915abbc3f1d905b245acbde46d353e,2254921,camara,NA,945542,945542,https://www.camara.leg.br/proposicoesWeb/fichadetramitacao?idProposicao=945542,pandemia
93228808a71bf50ddd1bc740fb1b4ff6,2255159,camara,NA,2193642,515927,https://www.camara.leg.br/proposicoesWeb/fichadetramitacao?idProposicao=515927,socioambiental
93e554aefb5c294ad11ac9e0d9d3a755,2259187,camara,NA,2256649,2256649,https://www.camara.leg.br/proposicoesWeb/fichadetramitacao?idProposicao=2256649,pandemia
94033546d889583dbe44ec6b303b7e4d,2265934,camara,NA,2264257,2241869,https://www.camara.leg.br/proposicoesWeb/fichadetramitacao?idProposicao=2241869,pandemia
94378e5c02e36487397613616033c1f8,2190787,camara,NA,1299562,2170712,https://www.camara.leg.br/proposicoesWeb/fichadetramitacao?idProposicao=2170712,socioambiental
95938fc785c4477874c04d036ba89877,2233846,camara,NA,2170712,2170712,https://www.camara.leg.br/proposicoesWeb/fichadetramitacao?idProposicao=2170712,leggo
95a0206dd90f3d049cf3f8a5417859fe,515330,camara,NA,436269,2279964,https://www.camara.leg.br/proposicoesWeb/fichadetramitacao?idProposicao=2279964,reforma-tributaria
95f5452790487e84325663209042fb21,2256692,camara,NA,2121678,2121678,https://www.camara.leg.br/proposicoesWeb/fichadetramitacao?idProposicao=2121678,transparencia-e-integridade
96975dda11113a5b6ee06fa8e7e22189,2275545,camara,NA,2249375,2239098,https://www.camara.leg.br/proposicoesWeb/fichadetramitacao?idProposicao=2239098,pandemia
96da8e1848997d3f6753eac6f2499794,2242525,camara,NA,2056344,21600,https://www.camara.leg.br/proposicoesWeb/fichadetramitacao?idProposicao=21600,pandemia
97cb86c824c259920ddbf310545558b9,2155637,camara,NA,2155631,2155631,https://www.camara.leg.br/proposicoesWeb/fichadetramitacao?idProposicao=2155631,leggo
97fcc6f6a89f9319b103c18ae677a04a,2192313,camara,NA,329678,329678,https://www.camara.leg.br/proposicoesWeb/fichadetramitacao?idProposicao=329678,socioambiental
9808ed38d45748df6840485b8edae3a6,2271788,camara,NA,2268663,2267871,https://www.camara.leg.br/proposicoesWeb/fichadetramitacao?idProposicao=2267871,pandemia
98ee488aca8932c071bac8d86078bf84,2254305,camara,NA,2239527,2239527,https://www.camara.leg.br/proposicoesWeb/fichadetramitacao?idProposicao=2239527,pandemia
99c00942c44387bc143eee10b956ed1c,2263835,camara,NA,1228711,106701,https://www.camara.leg.br/proposicoesWeb/fichadetramitacao?idProposicao=106701,socioambiental
9a3fbf754561a72bd063df75a732910f,2261000,camara,NA,2254964,2239398,https://www.camara.leg.br/proposicoesWeb/fichadetramitacao?idProposicao=2239398,pandemia
9a84c4db3f0c3bb1685377f50e2e8ccf,2268650,camara,NA,2250863,2239398,https://www.camara.leg.br/proposicoesWeb/fichadetramitacao?idProposicao=2239398,pandemia
9b4c8226eb7cdf13d9b75c76edae1e54,2192573,camara,NA,2150447,2150447,https://www.camara.leg.br/proposicoesWeb/fichadetramitacao?idProposicao=2150447,socioambiental
9cbb3bc533541a9b5dad1fc994de8f32,2265730,camara,NA,388915,582806,https://www.camara.leg.br/proposicoesWeb/fichadetramitacao?idProposicao=582806,pandemia
9dea29f5c5672f54cdeb8544565186cf,2263069,camara,NA,2057551,2082478,https://www.camara.leg.br/proposicoesWeb/fichadetramitacao?idProposicao=2082478,socioambiental
9e36ad0202c89996fc0f1ee1bdb905f9,2226262,camara,NA,2224505,2224505,https://www.camara.leg.br/proposicoesWeb/fichadetramitacao?idProposicao=2224505,socioambiental
9fddbfd0a5d868528855d4ef8db2300a,2234475,camara,NA,539987,111100,https://www.camara.leg.br/proposicoesWeb/fichadetramitacao?idProposicao=111100,socioambiental
a098fe719f801bbb2140ef1c87f2283e,601838,camara,NA,475045,475045,https://www.camara.leg.br/proposicoesWeb/fichadetramitacao?idProposicao=475045,reforma-tributaria
a10ac08680f6a235b8767a10a446cd85,2250506,camara,NA,2242116,2242116,https://www.camara.leg.br/proposicoesWeb/fichadetramitacao?idProposicao=2242116,transparencia-e-integridade
a15794103ec907bff5203b55d40e9d90,2190522,camara,NA,994678,458609,https://www.camara.leg.br/proposicoesWeb/fichadetramitacao?idProposicao=458609,transparencia-e-integridade
a19db9364739fdab78411055c29df354,2259158,camara,NA,2254886,20411,https://www.camara.leg.br/proposicoesWeb/fichadetramitacao?idProposicao=20411,transparencia-e-integridade
a2370a7222c2f3a6d501e58811f5fc5f,2254760,camara,NA,550880,20411,https://www.camara.leg.br/proposicoesWeb/fichadetramitacao?idProposicao=20411,transparencia-e-integridade
a331696cf3af45ca9139424c07a5445c,2207060,camara,NA,593655,593655,https://www.camara.leg.br/proposicoesWeb/fichadetramitacao?idProposicao=593655,socioambiental
a358b024f4aa063fb80ef943276d76ab,121323,camara,NA,42688,42688,https://www.camara.leg.br/proposicoesWeb/fichadetramitacao?idProposicao=42688,reforma-tributaria
a36e12797587e820019933e5251b70d6,2250699,camara,NA,2239680,2239538,https://www.camara.leg.br/proposicoesWeb/fichadetramitacao?idProposicao=2239538,pandemia
a3cf14aa1d60fe2d9329f55c1e377b53,2237659,camara,NA,2236726,2189670,https://www.camara.leg.br/proposicoesWeb/fichadetramitacao?idProposicao=2189670,socioambiental
a3fed7f1b3728c56c0af1dba731b067f,2236726,camara,NA,1526989,2189670,https://www.camara.leg.br/proposicoesWeb/fichadetramitacao?idProposicao=2189670,socioambiental
a494f5f422a83ceb6af449675327fc61,2191242,camara,NA,2190884,2190884,https://www.camara.leg.br/proposicoesWeb/fichadetramitacao?idProposicao=2190884,socioambiental
a4c2300dcbd6842acb3147c5f5332421,2256573,camara,NA,2252785,2192575,https://www.camara.leg.br/proposicoesWeb/fichadetramitacao?idProposicao=2192575,pandemia
a7d633558b9d71ddf8396a2a7ea6c8f3,2278611,camara,NA,2278529,2279749,https://www.camara.leg.br/proposicoesWeb/fichadetramitacao?idProposicao=2279749,pandemia
a8046f76046fad04c08f535df5890293,2256426,camara,NA,2250863,2239398,https://www.camara.leg.br/proposicoesWeb/fichadetramitacao?idProposicao=2239398,pandemia
a81b4f6e8993425391a55d6e1c1836c8,2190498,camara,NA,2189670,2189670,https://www.camara.leg.br/proposicoesWeb/fichadetramitacao?idProposicao=2189670,socioambiental
a8c1595edd887a94cfd5ea03021d90ca,2242187,camara,NA,2241949,2239534,https://www.camara.leg.br/proposicoesWeb/fichadetramitacao?idProposicao=2239534,pandemia
aa0b034b520b5ed6fea7187b113cb11c,2190535,camara,NA,2074433,2074433,https://www.camara.leg.br/proposicoesWeb/fichadetramitacao?idProposicao=2074433,transparencia-e-integridade
aac8cbadb7d6109935376ead1503e24d,2191694,camara,NA,1698973,585019,https://www.camara.leg.br/proposicoesWeb/fichadetramitacao?idProposicao=585019,socioambiental
ab5ab2b3e890e3b80b2c0d86f717fa59,2264576,camara,NA,2211880,2189670,https://www.camara.leg.br/proposicoesWeb/fichadetramitacao?idProposicao=2189670,socioambiental
ab74fd0a33d20a6be8c1274f14cbd2ea,2254011,camara,NA,2250863,2239398,https://www.camara.leg.br/proposicoesWeb/fichadetramitacao?idProposicao=2239398,pandemia
abe39bc996872369c2b8e78be817c9a3,2265166,camara,NA,2258843,2170712,https://www.camara.leg.br/proposicoesWeb/fichadetramitacao?idProposicao=2170712,socioambiental
ac207bb09ed7fb187876d9fe6a19cbca,2211626,camara,NA,2090630,106701,https://www.camara.leg.br/proposicoesWeb/fichadetramitacao?idProposicao=106701,socioambiental
addaa43242e8c5b5cee4dfb436883a72,2227371,camara,NA,2217254,593788,https://www.camara.leg.br/proposicoesWeb/fichadetramitacao?idProposicao=593788,socioambiental
ae190262ecc392d00472d6fbdfe95088,2225894,camara,NA,2208745,2208745,https://www.camara.leg.br/proposicoesWeb/fichadetramitacao?idProposicao=2208745,socioambiental
aec5e317d70b069fe809d0b8c09e5ac6,130467,senado,NA,119893,119893,https://www25.senado.leg.br/web/atividade/materias/-/materia/119893,reforma-tributaria
aef1768bf07d632e672c9ef582bfcfde,2190538,camara,NA,2074432,349519,https://www.camara.leg.br/proposicoesWeb/fichadetramitacao?idProposicao=349519,transparencia-e-integridade
af5709b02721655d555d446e243f1079,2242565,camara,NA,2239655,2239655,https://www.camara.leg.br/proposicoesWeb/fichadetramitacao?idProposicao=2239655,pandemia
af958ff89519c7dcdacba4a84db760e1,2252096,camara,NA,474875,2189670,https://www.camara.leg.br/proposicoesWeb/fichadetramitacao?idProposicao=2189670,socioambiental
afb2c0b14ca5f287a443e576c1ae25a8,2194820,camara,NA,2082988,2082988,https://www.camara.leg.br/proposicoesWeb/fichadetramitacao?idProposicao=2082988,socioambiental
afbcf1dc6a34e71e8b4c54100ea479f0,2192576,camara,NA,2057551,2082478,https://www.camara.leg.br/proposicoesWeb/fichadetramitacao?idProposicao=2082478,socioambiental
afd344bac886162275b6e8530db6f9d8,2251180,camara,NA,2250700,2246801,https://www.camara.leg.br/proposicoesWeb/fichadetramitacao?idProposicao=2246801,pandemia
b0670bce86971bb2c3082b7a8cfccacc,2258614,camara,NA,2218523,2218523,https://www.camara.leg.br/proposicoesWeb/fichadetramitacao?idProposicao=2218523,reforma-tributaria
b06b9de1f0bc7a3360b86b4d1def92ec,2192532,camara,NA,474875,2189670,https://www.camara.leg.br/proposicoesWeb/fichadetramitacao?idProposicao=2189670,socioambiental
b0ab07c73020fb93ff15471f88a03037,2262811,camara,NA,583945,583945,https://www.camara.leg.br/proposicoesWeb/fichadetramitacao?idProposicao=583945,transparencia-e-integridade
b0be6c7750b560a1fe4ad145dc89e102,2266686,camara,NA,1212570,949156,https://www.camara.leg.br/proposicoesWeb/fichadetramitacao?idProposicao=949156,socioambiental
b121c59659e22b5c4fdc753391c726bd,2251844,camara,NA,2242137,2242137,https://www.camara.leg.br/proposicoesWeb/fichadetramitacao?idProposicao=2242137,pandemia
b21d4bce51660cbb8ee34760fcc9e68d,2262080,camara,NA,2261985,2261985,https://www.camara.leg.br/proposicoesWeb/fichadetramitacao?idProposicao=2261985,pandemia
b2b99a380dec34984a7968665996bfe9,2263833,camara,NA,2170712,2170712,https://www.camara.leg.br/proposicoesWeb/fichadetramitacao?idProposicao=2170712,socioambiental
b2f9c9cfcf17fca2a7f3a66666d9320b,2273367,camara,NA,2267042,2254814,https://www.camara.leg.br/proposicoesWeb/fichadetramitacao?idProposicao=2254814,pandemia
b31fce7ad348600ae5ad5724005af690,2260819,camara,NA,2242473,2239538,https://www.camara.leg.br/proposicoesWeb/fichadetramitacao?idProposicao=2239538,pandemia
b321c0eb9f01c9e1c021eefad355d4a2,2215109,camara,NA,2148738,2148738,https://www.camara.leg.br/proposicoesWeb/fichadetramitacao?idProposicao=2148738,socioambiental
b3541402658c89d9e646a833f268dbf8,2264889,camara,NA,2251649,2251649,https://www.camara.leg.br/proposicoesWeb/fichadetramitacao?idProposicao=2251649,pandemia
b38199f54e05f89632f98340793668c1,2273852,camara,NA,2242474,2283442,https://www.camara.leg.br/proposicoesWeb/fichadetramitacao?idProposicao=2283442,pandemia
b3c20f79a86b170c22fef6d43b4e8a95,2268800,camara,NA,2268643,2254814,https://www.camara.leg.br/proposicoesWeb/fichadetramitacao?idProposicao=2254814,pandemia
b3cc099b705e543f4e034b678c646ebd,2211365,camara,NA,2196597,2191915,https://www.camara.leg.br/proposicoesWeb/fichadetramitacao?idProposicao=2191915,socioambiental
b406d9c94c00604d91a2e13d38f8c262,2268075,camara,NA,2251394,2239398,https://www.camara.leg.br/proposicoesWeb/fichadetramitacao?idProposicao=2239398,pandemia
b48cfc1e88dde29f631d22a7b6675d49,2191189,camara,NA,433793,430915,https://www.camara.leg.br/proposicoesWeb/fichadetramitacao?idProposicao=430915,transparencia-e-integridade
b4b1158419e1c4fe299ddd3ac1a16dab,2195047,camara,NA,2176186,2176186,https://www.camara.leg.br/proposicoesWeb/fichadetramitacao?idProposicao=2176186,socioambiental
b5853b72aa7feb79b13bec97f0ecb854,2255966,camara,NA,2242236,2242236,https://www.camara.leg.br/proposicoesWeb/fichadetramitacao?idProposicao=2242236,pandemia
b5a501b95cd9572a27f59370db6abf75,2241679,camara,NA,2239461,2239461,https://www.camara.leg.br/proposicoesWeb/fichadetramitacao?idProposicao=2239461,socioambiental
b5aca7e99be70bcceeb591eb7c9cfcab,2242671,camara,NA,2239623,2239623,https://www.camara.leg.br/proposicoesWeb/fichadetramitacao?idProposicao=2239623,pandemia
b67862680e4d0d6ebc4bfd776fa1dda5,2267445,camara,NA,1197929,539988,https://www.camara.leg.br/proposicoesWeb/fichadetramitacao?idProposicao=539988,socioambiental
b6e7fa07c9c092af12e3dbe389908440,2224264,camara,NA,2205107,2170712,https://www.camara.leg.br/proposicoesWeb/fichadetramitacao?idProposicao=2170712,socioambiental
b7ba5cb7a06c307bbffe90987c8a445b,2270277,camara,NA,2230661,2230661,https://www.camara.leg.br/proposicoesWeb/fichadetramitacao?idProposicao=2230661,pandemia
b7d24ef804088d8fb0f4bb286ea3d911,2265213,camara,NA,486166,486166,https://www.camara.leg.br/proposicoesWeb/fichadetramitacao?idProposicao=486166,transparencia-e-integridade
b81c2e2dca7a3b65597f15fcd29e4f65,2258601,camara,NA,2250700,2246801,https://www.camara.leg.br/proposicoesWeb/fichadetramitacao?idProposicao=2246801,pandemia
b866689e8146e3a0d54aa810f8dbfb7d,2242792,camara,NA,2239398,2239398,https://www.camara.leg.br/proposicoesWeb/fichadetramitacao?idProposicao=2239398,pandemia
b87569b26e97eb031fc3fa4a61a6f978,2198006,camara,NA,502976,502976,https://www.camara.leg.br/proposicoesWeb/fichadetramitacao?idProposicao=502976,socioambiental
b8fa846d9f9af6af71ffb3eb6084dd92,2278529,camara,NA,2279749,2279749,https://www.camara.leg.br/proposicoesWeb/fichadetramitacao?idProposicao=2279749,pandemia
b901f66941d8c43d9b4f020261fa2977,2218436,camara,NA,2187304,2129012,https://www.camara.leg.br/proposicoesWeb/fichadetramitacao?idProposicao=2129012,socioambiental
b972ef03b54228885002f030879506ce,2237751,camara,NA,474875,2189670,https://www.camara.leg.br/proposicoesWeb/fichadetramitacao?idProposicao=2189670,socioambiental
bada9d347daf041649005185dea46195,2269486,camara,NA,2195326,2195326,https://www.camara.leg.br/proposicoesWeb/fichadetramitacao?idProposicao=2195326,pandemia
badfcb9e874d9685f6eb7bd5d66759dc,2267546,camara,NA,2236972,522137,https://www.camara.leg.br/proposicoesWeb/fichadetramitacao?idProposicao=522137,socioambiental
bb7bb87bf4ebd178ee99c83b07fb476b,2266910,camara,NA,2266437,2266437,https://www.camara.leg.br/proposicoesWeb/fichadetramitacao?idProposicao=2266437,pandemia
bc025de5ba01592fefde244210779020,2193395,camara,NA,2079151,341067,https://www.camara.leg.br/proposicoesWeb/fichadetramitacao?idProposicao=341067,socioambiental
bc24f3c441c8836931ce4a3c21c21688,2266525,camara,NA,2266437,2266437,https://www.camara.leg.br/proposicoesWeb/fichadetramitacao?idProposicao=2266437,pandemia
bd002372397ef11113ba41fe8c4ec1a6,2254043,camara,NA,2251654,2170785,https://www.camara.leg.br/proposicoesWeb/fichadetramitacao?idProposicao=2170785,leggo
bd24ce11e0e677346dfef972ce81764d,2276504,camara,NA,2199435,575819,https://www.camara.leg.br/proposicoesWeb/fichadetramitacao?idProposicao=575819,pandemia
bdc4510bae7c10f94bfb4fb25667b229,2230049,camara,NA,517522,17700,https://www.camara.leg.br/proposicoesWeb/fichadetramitacao?idProposicao=17700,socioambiental
c05927ef4dd33a45221099fc95908bcd,2276447,camara,NA,2252994,2242198,https://www.camara.leg.br/proposicoesWeb/fichadetramitacao?idProposicao=2242198,pandemia
c1ec1168a637d28d2f83a4df1b75fdff,2276074,camara,NA,2274296,2267871,https://www.camara.leg.br/proposicoesWeb/fichadetramitacao?idProposicao=2267871,pandemia
c253e3da672850df12635a9665d7e66b,2214885,camara,NA,2197918,2197918,https://www.camara.leg.br/proposicoesWeb/fichadetramitacao?idProposicao=2197918,reforma-tributaria
c318006999bb4146a862425b6cfa8313,2244925,camara,NA,2241784,2241784,https://www.camara.leg.br/proposicoesWeb/fichadetramitacao?idProposicao=2241784,socioambiental
c3f93e53dc41c09dafb7295b5b8f4373,2276518,camara,NA,2274699,2279749,https://www.camara.leg.br/proposicoesWeb/fichadetramitacao?idProposicao=2279749,pandemia
c425878fd4746e30b25cd212f97ecd23,2190872,camara,NA,491502,491502,https://www.camara.leg.br/proposicoesWeb/fichadetramitacao?idProposicao=491502,socioambiental
c51b7b438d5608ce2568b47c3bce64c3,133007,senado,NA,129137,129137,https://www25.senado.leg.br/web/atividade/materias/-/materia/129137,transparencia-e-integridade
c609ab7799bffb9e2bdf140417e9df22,2193607,camara,NA,464417,464417,https://www.camara.leg.br/proposicoesWeb/fichadetramitacao?idProposicao=464417,socioambiental
c6c01ec65ff7c8d7bacf03681ec9aa1f,2209991,camara,NA,2193319,2192894,https://www.camara.leg.br/proposicoesWeb/fichadetramitacao?idProposicao=2192894,transparencia-e-integridade
c6dbd1145862d9a4bc781d6fa3fa717b,2252638,camara,NA,2016965,357364,https://www.camara.leg.br/proposicoesWeb/fichadetramitacao?idProposicao=357364,pandemia
c7f4c574548d30eba5a929b39e1d91af,2190525,camara,NA,2174004,288051,https://www.camara.leg.br/proposicoesWeb/fichadetramitacao?idProposicao=288051,transparencia-e-integridade
c8f4872c6310a3ffe313710070444816,2273968,camara,NA,2253619,2244219,https://www.camara.leg.br/proposicoesWeb/fichadetramitacao?idProposicao=2244219,pandemia
c9201d866ee41dd64038eb65778fe502,2215040,camara,NA,2112099,2170712,https://www.camara.leg.br/proposicoesWeb/fichadetramitacao?idProposicao=2170712,socioambiental
c9a1fb6798b71228104b482640518e61,2259905,camara,NA,2254964,2239398,https://www.camara.leg.br/proposicoesWeb/fichadetramitacao?idProposicao=2239398,pandemia
c9b9a6ce47d48ee955c012997dcdc8b3,2270279,camara,NA,2254814,2254814,https://www.camara.leg.br/proposicoesWeb/fichadetramitacao?idProposicao=2254814,pandemia
ca014fd0c07d6afeb39e1f526b9eaefd,2190559,camara,NA,490263,490263,https://www.camara.leg.br/proposicoesWeb/fichadetramitacao?idProposicao=490263,transparencia-e-integridade
cb15193e3c3174dfa9fc80cfdf30d26e,2196953,camara,NA,2190905,2169379,https://www.camara.leg.br/proposicoesWeb/fichadetramitacao?idProposicao=2169379,socioambiental
cb4dfdd19944f8336113e352be425ec9,2250879,camara,NA,2239371,2239122,https://www.camara.leg.br/proposicoesWeb/fichadetramitacao?idProposicao=2239122,transparencia-e-integridade
cc89a2b1fd9c44b6eb12e54ecd78d7a1,2219466,camara,NA,2077448,2077448,https://www.camara.leg.br/proposicoesWeb/fichadetramitacao?idProposicao=2077448,socioambiental
cd1eb583b4a2c6f7ab6b2d6a7f5b16d0,2251625,camara,NA,2239371,2239122,https://www.camara.leg.br/proposicoesWeb/fichadetramitacao?idProposicao=2239122,transparencia-e-integridade
cd36577bd7be93a16a4a5de7ede0c6e8,1212659,camara,NA,1049207,2192114,https://www.camara.leg.br/proposicoesWeb/fichadetramitacao?idProposicao=2192114,licenciamento-ambiental
cd5509fda935920ad75c1e1a1c0695a9,2250863,camara,NA,2239398,2239398,https://www.camara.leg.br/proposicoesWeb/fichadetramitacao?idProposicao=2239398,pandemia
cd718fc669ddbbc5ead682da1768bace,2226382,camara,NA,1197929,539988,https://www.camara.leg.br/proposicoesWeb/fichadetramitacao?idProposicao=539988,socioambiental
cd9a95e42476797662e46694b94c029e,2271998,camara,NA,2194789,2194789,https://www.camara.leg.br/proposicoesWeb/fichadetramitacao?idProposicao=2194789,pandemia
ce112216bee2aa963f43555257ca5c67,2212138,camara,NA,2148738,2148738,https://www.camara.leg.br/proposicoesWeb/fichadetramitacao?idProposicao=2148738,socioambiental
ce2e098a633479fc7f2c0f973f74d674,2220655,camara,NA,2210926,301799,https://www.camara.leg.br/proposicoesWeb/fichadetramitacao?idProposicao=301799,socioambiental
cf78f4942fee91d072d1b70a08f28f7f,2227595,camara,NA,2201537,531004,https://www.camara.leg.br/proposicoesWeb/fichadetramitacao?idProposicao=531004,socioambiental
cf92f4457c990ccd6664e4787b6537f1,2269953,camara,NA,2268643,2254814,https://www.camara.leg.br/proposicoesWeb/fichadetramitacao?idProposicao=2254814,pandemia
d051a7bdbe4ca4763b06ddf9cfc95a58,2267232,camara,NA,2267201,2267201,https://www.camara.leg.br/proposicoesWeb/fichadetramitacao?idProposicao=2267201,pandemia
d12a6bfd54d4ebf731b4bd7db4aef9af,2190545,camara,NA,349519,349519,https://www.camara.leg.br/proposicoesWeb/fichadetramitacao?idProposicao=349519,transparencia-e-integridade
d259d08bc296fc5630e2799a6989bef0,2195744,camara,NA,607277,570782,https://www.camara.leg.br/proposicoesWeb/fichadetramitacao?idProposicao=570782,socioambiental
d2cae355b1b479ac86d7f1fb8b0cc2f1,2263815,camara,NA,1280003,492476,https://www.camara.leg.br/proposicoesWeb/fichadetramitacao?idProposicao=492476,pandemia
d2fafff783baae27981b907a5abae790,2224719,camara,NA,538980,515927,https://www.camara.leg.br/proposicoesWeb/fichadetramitacao?idProposicao=515927,socioambiental
d3198c2ca27ba0700a09e16923765bac,2190552,camara,NA,1700695,583945,https://www.camara.leg.br/proposicoesWeb/fichadetramitacao?idProposicao=583945,transparencia-e-integridade
d34ed852103c0c70f6974e64d7001eb9,2192654,camara,NA,617369,2170712,https://www.camara.leg.br/proposicoesWeb/fichadetramitacao?idProposicao=2170712,socioambiental
d38a42e5b9dc85be2c516be9bd91db34,2231476,camara,NA,2206683,359891,https://www.camara.leg.br/proposicoesWeb/fichadetramitacao?idProposicao=359891,socioambiental
d3bd29d499f1a91c94dbb10ef569a0b0,2262925,camara,NA,2260427,949156,https://www.camara.leg.br/proposicoesWeb/fichadetramitacao?idProposicao=949156,socioambiental
d472798a671ce6105820f8a813cd420a,2252762,camara,NA,2250863,2239398,https://www.camara.leg.br/proposicoesWeb/fichadetramitacao?idProposicao=2239398,pandemia
d47ba6a9fc9e3121a3f9dbe274dc91bc,2253014,camara,NA,2246801,2246801,https://www.camara.leg.br/proposicoesWeb/fichadetramitacao?idProposicao=2246801,pandemia
d491c298e6dbe81779c191f6b90eb22f,2198325,camara,NA,341067,341067,https://www.camara.leg.br/proposicoesWeb/fichadetramitacao?idProposicao=341067,socioambiental
d4d8b2b5da3ba896fa01604364c7e44d,2254032,camara,NA,2251826,2285159,https://www.camara.leg.br/proposicoesWeb/fichadetramitacao?idProposicao=2285159,leggo
d4ddf919fe99f0da4e86c366e2b9f412,2218565,camara,NA,988676,2083544,https://www.camara.leg.br/proposicoesWeb/fichadetramitacao?idProposicao=2083544,socioambiental
d4ed4b44eb256e49a822995c894a214b,2190532,camara,NA,1806128,1806128,https://www.camara.leg.br/proposicoesWeb/fichadetramitacao?idProposicao=1806128,transparencia-e-integridade
d50b02803e3e1ce4b95473aa30842ebb,2270533,camara,NA,2227704,2227704,https://www.camara.leg.br/proposicoesWeb/fichadetramitacao?idProposicao=2227704,pandemia
d70799e549b1bede858756d104748613,2253870,camara,NA,2198326,341067,https://www.camara.leg.br/proposicoesWeb/fichadetramitacao?idProposicao=341067,socioambiental
d7de6348f97f7e0b2701e7e7bc857bf4,2196470,camara,NA,2147133,2136674,https://www.camara.leg.br/proposicoesWeb/fichadetramitacao?idProposicao=2136674,socioambiental
d7ec1e229a655103f254c8ae9327be87,1049207,camara,NA,493660,2192114,https://www.camara.leg.br/proposicoesWeb/fichadetramitacao?idProposicao=2192114,licenciamento-ambiental
d8907cb1a99f1f3b2e14a20809e5cd6b,2190475,camara,NA,2122914,522804,https://www.camara.leg.br/proposicoesWeb/fichadetramitacao?idProposicao=522804,socioambiental
d8b411482147829c54edd57422084dca,2192530,camara,NA,434725,341067,https://www.camara.leg.br/proposicoesWeb/fichadetramitacao?idProposicao=341067,socioambiental
d984bfa4da6659d8d2e888d1546ef0c7,2195731,camara,NA,2190498,2189670,https://www.camara.leg.br/proposicoesWeb/fichadetramitacao?idProposicao=2189670,socioambiental
da1bf46689f622559b1fe28909b26619,2242325,camara,NA,352975,341067,https://www.camara.leg.br/proposicoesWeb/fichadetramitacao?idProposicao=341067,socioambiental
da2c1119920cda558192ddb979e572d2,2193397,camara,NA,2189251,2189251,https://www.camara.leg.br/proposicoesWeb/fichadetramitacao?idProposicao=2189251,socioambiental
da2df8bf111eff19e507f383368a6b0a,2198161,camara,NA,2169396,2170712,https://www.camara.leg.br/proposicoesWeb/fichadetramitacao?idProposicao=2170712,socioambiental
da929173aca90aad13afa3fe216a1f88,2190682,camara,NA,2121518,341067,https://www.camara.leg.br/proposicoesWeb/fichadetramitacao?idProposicao=341067,socioambiental
daa59903f1e77b7f0fd75a4ae4c16d19,2196468,camara,NA,949094,949094,https://www.camara.leg.br/proposicoesWeb/fichadetramitacao?idProposicao=949094,socioambiental
dab5d25e08a3979b949c88d2104a7d46,2112594,camara,NA,567588,490935,https://www.camara.leg.br/proposicoesWeb/fichadetramitacao?idProposicao=490935,licenciamento-ambiental
db55176bbb469639dc16b129627515d8,2254493,camara,NA,2241742,2241742,https://www.camara.leg.br/proposicoesWeb/fichadetramitacao?idProposicao=2241742,pandemia
dd69f46408b42f3bb7e67fa8e45242e2,2263559,camara,NA,2259868,2239398,https://www.camara.leg.br/proposicoesWeb/fichadetramitacao?idProposicao=2239398,pandemia
ddbf146858c42cec127add5a69829333,2260477,camara,NA,2258622,2239398,https://www.camara.leg.br/proposicoesWeb/fichadetramitacao?idProposicao=2239398,pandemia
de3f5ea41b23d966b9a59c20a29ed2c8,2214946,camara,NA,2189251,2189251,https://www.camara.leg.br/proposicoesWeb/fichadetramitacao?idProposicao=2189251,socioambiental
de9b739549ae4977723266c8dc7876a1,2215723,camara,NA,2088399,949156,https://www.camara.leg.br/proposicoesWeb/fichadetramitacao?idProposicao=949156,socioambiental
debec4d4bd9fd8c8a4d4d5fb981d546a,2249978,camara,NA,2242047,2242047,https://www.camara.leg.br/proposicoesWeb/fichadetramitacao?idProposicao=2242047,transparencia-e-integridade
df10a26973b6b9c61a6a2622a847d6f7,2265449,camara,NA,2111631,2170712,https://www.camara.leg.br/proposicoesWeb/fichadetramitacao?idProposicao=2170712,socioambiental
dfa2857aebc085d2968149ece3f3c8e3,2250675,camara,NA,2228151,2228151,https://www.camara.leg.br/proposicoesWeb/fichadetramitacao?idProposicao=2228151,leggo
e0592386c9066476a92ef3928c858348,2198336,camara,NA,592370,545304,https://www.camara.leg.br/proposicoesWeb/fichadetramitacao?idProposicao=545304,socioambiental
e0f37682bcb91bec3dc7f14471cfea8b,2166846,camara,NA,113531,113531,https://www.camara.leg.br/proposicoesWeb/fichadetramitacao?idProposicao=113531,transparencia-e-integridade
e143f0cd805e610a8078f62d6d803b56,2252084,camara,NA,2250863,2239398,https://www.camara.leg.br/proposicoesWeb/fichadetramitacao?idProposicao=2239398,pandemia
e2578954db37e5cb67bb574deb7ef878,2192893,camara,NA,515927,515927,https://www.camara.leg.br/proposicoesWeb/fichadetramitacao?idProposicao=515927,socioambiental
e26a4a0fd0178816d2bf1567f840d9c1,2270404,camara,NA,381206,582806,https://www.camara.leg.br/proposicoesWeb/fichadetramitacao?idProposicao=582806,pandemia
e306a8f54c526233b4379e2bf6a1c398,2221620,camara,NA,2214197,2214197,https://www.camara.leg.br/proposicoesWeb/fichadetramitacao?idProposicao=2214197,socioambiental
e386ae5d00295de2f295ae1e2c02fdfb,2251404,camara,NA,2242052,2241924,https://www.camara.leg.br/proposicoesWeb/fichadetramitacao?idProposicao=2241924,socioambiental
e43c6dc324fca3d3fb622a05673e11ba,2242866,camara,NA,388149,388149,https://www.camara.leg.br/proposicoesWeb/fichadetramitacao?idProposicao=388149,reforma-tributaria
e4c783675713bf548010ef71bd7cc754,2262764,camara,NA,2261200,106701,https://www.camara.leg.br/proposicoesWeb/fichadetramitacao?idProposicao=106701,socioambiental
e4f8077208cae2f57717511f550498be,2193221,camara,NA,600020,2024320,https://www.camara.leg.br/proposicoesWeb/fichadetramitacao?idProposicao=2024320,socioambiental
e539ae1fee6f3a0b2b27988aef14aa7a,2256417,camara,NA,2230504,2193773,https://www.camara.leg.br/proposicoesWeb/fichadetramitacao?idProposicao=2193773,socioambiental
e56ae91895a09cf15e36f79e43b06121,2262796,camara,NA,2256351,2248275,https://www.camara.leg.br/proposicoesWeb/fichadetramitacao?idProposicao=2248275,pandemia
e5737cdfe97367854a36b7056af10682,2263249,camara,NA,2257950,2170785,https://www.camara.leg.br/proposicoesWeb/fichadetramitacao?idProposicao=2170785,transparencia-e-integridade
e62d9f3f92c029a14ca67f5e807fb2ca,2214006,camara,NA,1197929,539988,https://www.camara.leg.br/proposicoesWeb/fichadetramitacao?idProposicao=539988,socioambiental
e64cfb1209b5295534486285757c2691,2169010,camara,NA,1734423,1214920,https://www.camara.leg.br/proposicoesWeb/fichadetramitacao?idProposicao=1214920,licenciamento-ambiental
e6919da0dff52633f1bf596281b1468b,2215042,camara,NA,2112099,2170712,https://www.camara.leg.br/proposicoesWeb/fichadetramitacao?idProposicao=2170712,socioambiental
e6c8e8ea0284fc642634173649f746f6,2190569,camara,NA,2152663,2152663,https://www.camara.leg.br/proposicoesWeb/fichadetramitacao?idProposicao=2152663,socioambiental
e704f19ad8e1d37b58459db33bb195bf,2256675,camara,NA,2239119,2148739,https://www.camara.leg.br/proposicoesWeb/fichadetramitacao?idProposicao=2148739,socioambiental
e88dc154bce9488c88c18a47513c4549,2190647,camara,NA,1228864,341067,https://www.camara.leg.br/proposicoesWeb/fichadetramitacao?idProposicao=341067,socioambiental
e909497ce0d89ed78dfbf6f97971d23a,2254080,camara,NA,2253943,2253943,https://www.camara.leg.br/proposicoesWeb/fichadetramitacao?idProposicao=2253943,pandemia
e939756b4c75bf1a9eb60cae55933b44,2199285,camara,NA,2192654,2170712,https://www.camara.leg.br/proposicoesWeb/fichadetramitacao?idProposicao=2170712,socioambiental
eae067d2aade07c3eea353a034ec096c,2210921,camara,NA,252182,280726,https://www.camara.leg.br/proposicoesWeb/fichadetramitacao?idProposicao=280726,socioambiental
ebe97139131a8f0a67187f643abbfc3a,2250430,camara,NA,474875,2189670,https://www.camara.leg.br/proposicoesWeb/fichadetramitacao?idProposicao=2189670,socioambiental
ec50fbbf73d71e6e32f2ef0b3a32d5ff,17125,camara,NA,105464,105464,https://www.camara.leg.br/proposicoesWeb/fichadetramitacao?idProposicao=105464,reforma-administrativa
ec91f098cf1f5c453b0f55c047bd5f63,2238896,camara,NA,2078437,1598524,https://www.camara.leg.br/proposicoesWeb/fichadetramitacao?idProposicao=1598524,socioambiental
ecc1f74ac11be28def1b71f8ecc923c2,2257265,camara,NA,2250438,2250438,https://www.camara.leg.br/proposicoesWeb/fichadetramitacao?idProposicao=2250438,reforma-tributaria
ed1f4b21da97db1036abaea81fe59789,2252665,camara,NA,2252050,2252050,https://www.camara.leg.br/proposicoesWeb/fichadetramitacao?idProposicao=2252050,pandemia
ed9625d263ffd1af3c92ca6cf7325475,2204328,camara,NA,994619,2170712,https://www.camara.leg.br/proposicoesWeb/fichadetramitacao?idProposicao=2170712,socioambiental
edc39113335be8db9cde28f3d7e3e8ab,2201526,camara,NA,490935,490935,https://www.camara.leg.br/proposicoesWeb/fichadetramitacao?idProposicao=490935,leggo
efb1040aa095f8ac53ac6cad1b599beb,2242099,camara,NA,2241872,2241872,https://www.camara.leg.br/proposicoesWeb/fichadetramitacao?idProposicao=2241872,pandemia
f010675baa43871f8bd41f5e4ac95412,2257510,camara,NA,2090630,106701,https://www.camara.leg.br/proposicoesWeb/fichadetramitacao?idProposicao=106701,socioambiental
f08f757b5aa7049b2702a1f5dabb3861,2211880,camara,NA,2189670,2189670,https://www.camara.leg.br/proposicoesWeb/fichadetramitacao?idProposicao=2189670,socioambiental
f11f9cd5a80e42979fb1b7fcc6ad8a54,2222555,camara,NA,2081305,2155290,https://www.camara.leg.br/proposicoesWeb/fichadetramitacao?idProposicao=2155290,socioambiental
f1c128dc7e1fb596655c91de8673ed19,2190474,camara,NA,2168824,251853,https://www.camara.leg.br/proposicoesWeb/fichadetramitacao?idProposicao=251853,socioambiental
f1f9d2889af1330714400db9decb585d,2265178,camara,NA,336272,440091,https://www.camara.leg.br/proposicoesWeb/fichadetramitacao?idProposicao=440091,transparencia-e-integridade
f236c97a3f7521120687802a7d3108a2,2258612,camara,NA,388149,388149,https://www.camara.leg.br/proposicoesWeb/fichadetramitacao?idProposicao=388149,reforma-tributaria
f29ba97553271eb6c3614b3586b70a23,2190945,camara,NA,2076716,2082478,https://www.camara.leg.br/proposicoesWeb/fichadetramitacao?idProposicao=2082478,socioambiental
f3650a7f244c863c16512591370c454d,2254941,camara,NA,2254043,2170785,https://www.camara.leg.br/proposicoesWeb/fichadetramitacao?idProposicao=2170785,leggo
f37f7f8ecd6e777d58cdd01f22a6030f,2254844,camara,NA,2250535,2244115,https://www.camara.leg.br/proposicoesWeb/fichadetramitacao?idProposicao=2244115,pandemia
f3908b313586c585d021ac4ca87960f3,2190560,camara,NA,2189996,2055350,https://www.camara.leg.br/proposicoesWeb/fichadetramitacao?idProposicao=2055350,transparencia-e-integridade
f4324e686036af26c9d1f60ef233b048,2190679,camara,NA,1806205,341067,https://www.camara.leg.br/proposicoesWeb/fichadetramitacao?idProposicao=341067,socioambiental
f5ca89cd36610bdb73d4aefb1cb6a38c,2253320,camara,NA,2239459,2122678,https://www.camara.leg.br/proposicoesWeb/fichadetramitacao?idProposicao=2122678,transparencia-e-integridade
f636dbb9d94270ad11247eaada5ab501,2273546,camara,NA,2267042,2254814,https://www.camara.leg.br/proposicoesWeb/fichadetramitacao?idProposicao=2254814,pandemia
f64829d48f04ec88d3d8cea844844d69,2239119,camara,NA,2190423,2148739,https://www.camara.leg.br/proposicoesWeb/fichadetramitacao?idProposicao=2148739,socioambiental
f6a588b98e86acb4143842874e8fde96,2236727,camara,NA,474875,2189670,https://www.camara.leg.br/proposicoesWeb/fichadetramitacao?idProposicao=2189670,socioambiental
f6ccbd94e38be9b8486e82091baf30a3,2205470,camara,NA,512652,489572,https://www.camara.leg.br/proposicoesWeb/fichadetramitacao?idProposicao=489572,socioambiental
f6f7690bd63cc0b2cc54f868299b1af2,2214386,camara,NA,2206540,2129012,https://www.camara.leg.br/proposicoesWeb/fichadetramitacao?idProposicao=2129012,socioambiental
f783d89f18f4ed1f0be4a25c1e3294b7,2200397,camara,NA,486909,486909,https://www.camara.leg.br/proposicoesWeb/fichadetramitacao?idProposicao=486909,socioambiental
f78a7b220e57f35010658203d94cfcc4,2251970,camara,NA,2241952,2241649,https://www.camara.leg.br/proposicoesWeb/fichadetramitacao?idProposicao=2241649,leggo
f7d451eb8f811165ae38c1dc4861a701,2191633,camara,NA,2189670,2189670,https://www.camara.leg.br/proposicoesWeb/fichadetramitacao?idProposicao=2189670,socioambiental
f7efd1fcb665df58ddb44dbc0e086268,2247348,camara,NA,388149,388149,https://www.camara.leg.br/proposicoesWeb/fichadetramitacao?idProposicao=388149,reforma-tributaria
f98554f64901a73d03784afd100902a1,2190501,camara,NA,27049,21326,https://www.camara.leg.br/proposicoesWeb/fichadetramitacao?idProposicao=21326,transparencia-e-integridade
fa2b6a62c324798f6d25da06541c7085,2275120,camara,NA,2242865,2242865,https://www.camara.leg.br/proposicoesWeb/fichadetramitacao?idProposicao=2242865,pandemia
fa5c5711bc324811583ecf47f633f4cb,2199519,camara,NA,2193825,341067,https://www.camara.leg.br/proposicoesWeb/fichadetramitacao?idProposicao=341067,socioambiental
faf84ebe7b1db46cce91b2b6b15a8bf9,2190542,camara,NA,1150818,1150818,https://www.camara.leg.br/proposicoesWeb/fichadetramitacao?idProposicao=1150818,transparencia-e-integridade
fb4274bd177fb94eb19ff0ac2490b3f1,2270250,camara,NA,2267042,2254814,https://www.camara.leg.br/proposicoesWeb/fichadetramitacao?idProposicao=2254814,pandemia
fbbe47b4f44fed3abb275e3374942e87,1307132,camara,NA,16977,16977,https://www.camara.leg.br/proposicoesWeb/fichadetramitacao?idProposicao=16977,licenciamento-ambiental
fcb1481cfe0c0a1a3fa68f1063362b21,2254586,camara,NA,2245011,2242116,https://www.camara.leg.br/proposicoesWeb/fichadetramitacao?idProposicao=2242116,pandemia
fcdc79a55d780d14b0434e2e6df5fd11,2260475,camara,NA,1228711,106701,https://www.camara.leg.br/proposicoesWeb/fichadetramitacao?idProposicao=106701,socioambiental
fd6716ec8407613f53f34ba6d7d04666,2267184,camara,NA,2267020,2239398,https://www.camara.leg.br/proposicoesWeb/fichadetramitacao?idProposicao=2239398,pandemia
fe02181221d8e903bf27d53f283eabb3,2264993,camara,NA,105464,105464,https://www.camara.leg.br/proposicoesWeb/fichadetramitacao?idProposicao=105464,reforma-administrativa
fe7cb699a293bda85e96ff3dc5213b2f,2236823,camara,NA,2123264,2123264,https://www.camara.leg.br/proposicoesWeb/fichadetramitacao?idProposicao=2123264,socioambiental
fe859c68645c0310ec45fe606852db1f,2196675,camara,NA,542478,341067,https://www.camara.leg.br/proposicoesWeb/fichadetramitacao?idProposicao=341067,socioambiental
ff5a5e0b8bfd96b22c28590b02710041,2270459,camara,NA,2238861,2238861,https://www.camara.leg.br/proposicoesWeb/fichadetramitacao?idProposicao=2238861,pandemia
ff8b79509cb21c060b52a97fd4a10930,2252111,camara,NA,2250863,2239398,https://www.camara.leg.br/proposicoesWeb/fichadetramitacao?idProposicao=2239398,pandemia
